darkness,detectability,location
2.2895934363007,1.39144161360666,1
3.25688370915653,1.19451222151112,1
2.75330812153763,0.937583859342618,1
2.65245740060227,0.862866535176691,1
2.04838143273498,1.28365283342632,1
2.95497227519108,1.03385918158241,1
2.21509553054292,1.02452522475513,1
1.33205806341186,1.39713149747879,1
2.61977347971224,0.884899145474751,1
3.91899660906077,0.947628476965601,1
2.42465303739161,1.16945769210654,2
3.60796432222503,1.24651159166678,2
1.38211729171084,1.99022922801332,2
2.94443803447546,1.00610346744914,2
3.51940720394346,1.28452523614439,2
3.30115336216671,1.28217155098681,2
3.10567619414894,1.14264461328697,2
2.35929399169462,1.21693516703791,2
2.15029565396642,1.66500294871568,2
1.97587120939509,0.984133072770881,2
3.11764659710013,1.91649348451257,3
2.0525253858152,1.97444097502861,3
2.50944255629933,2.44792185760912,3
2.74390780780175,2.08302130238639,3
4.84386200523221,1.58903482979656,3
2.34805009830454,2.83850007371034,3
3.23538657228486,2.01117318889062,3
3.07796084956371,1.96445583765687,3
2.03814336586987,2.32470844287821,3
2.9286919138764,1.76988650121923,3
4.44455085842335,1.63103034906256,4
3.45150405307921,1.6036196513068,4
3.04123292199294,1.75369170168049,4
2.57750316766038,1.5054855727778,4
0.946752778459484,1.64496511279054,4
4.13133721341418,1.42263642407922,4
1.53935992907518,1.64232601646691,4
3.73994751087733,1.85655474331201,4
4.90910356921748,1.80675142281398,4
1.5561068390282,1.763029747224,4
3.70178433537471,1.08563924854095,5
2.73780251059753,1.30182628966799,5
1.42785584085451,1.66713052133465,5
1.48533234621825,1.66013064925005,5
1.39846382642541,1.71769937532843,5
2.4690934778297,1.27689341035132,5
1.5382444150041,1.45983243019476,5
3.68791677297583,1.3998660773454,5
5.10010894052567,0.742780077456904,5
1.71296952396482,1.65171999640621,5
3.78773884747518,2.44811018674209,6
3.76904224100091,2.26940550803781,6
3.33220257895012,2.61355934025249,6
1.99162339172299,2.63544785608701,6
2.88054739336934,2.81084092174713,6
2.71960466482975,2.56703951979179,6
3.56298953322048,2.41087894643889,6
2.62756124389617,2.60644877834003,6
3.97697338668562,2.20749654513804,6
2.62541914223299,2.38377953059656,6
4.05271146557933,0.919838600342464,7
1.95082299333393,1.43196191756441,7
1.73984475524189,1.55372980718724,7
6.24103993494241,0.0859395260773426,7
2.58314241183957,1.16367517254678,7
3.29822759154072,0.658423714358921,7
3.63656967403385,1.02233936378807,7
2.51621937429126,1.46778198470636,7
3.51686204431361,0.733602450804132,7
3.36896452738509,1.33573028047812,7
2.78461949235831,0.917810596381501,8
3.06529303352532,1.06609983131545,8
2.96593274626154,0.621562744312797,8
5.12845189901618,0.514988340125312,8
2.25866390372717,0.901369488077584,8
1.90400373292534,1.12941866341815,8
3.03778839917108,0.686814418611207,8
3.31048074944314,0.758181903540011,8
3.43652347891018,0.385155967303353,8
2.54163466728889,0.722488126508757,8
1.93667386602881,1.21343479976055,9
4.26318517608949,0.604913326466025,9
2.65034961204645,1.04405031825156,9
2.13448713734663,1.05724017503024,9
2.7637204310589,1.15259939540869,9
2.80282410565145,1.25747774749165,9
4.10992028971364,0.610811719128534,9
3.0847372921972,0.908783428277601,9
3.75405378518452,1.13091150812356,9
2.50070798282774,0.641425190354093,9
3.2144453095816,1.02584298370897,10
2.67531408850917,1.6012639757693,10
3.09458352817357,1.5504302608628,10
2.10463664202246,1.32391903426471,10
1.68919846667203,1.19578898483793,10
4.99721338474797,0.797146309710584,10
3.60070882367242,0.88867578798406,10
1.74872863837506,1.64819660017156,10
2.38883408331958,1.07937355349918,10
1.81451991540269,1.42019377307517,10
5.19881034888372,1.75414273760208,11
4.31241297643351,1.62902924983948,11
2.73485494330365,2.21843555964817,11
3.54319405923209,1.76142700148723,11
2.58566005208114,2.1994863458155,11
2.52375310538442,2.3032719101469,11
2.21139716214976,1.93923557579835,11
2.40538273254049,2.32561762092125,11
4.65090746733669,1.62520627943101,11
2.94597187491456,2.07118978052963,11
3.11924523642758,1.37107575764036,12
3.24368742959909,1.21537972870575,12
4.23247587848534,1.11694655995256,12
2.48393616905522,1.23721434313344,12
2.00749284960796,1.57050810994551,12
4.67569693240319,1.12202871507889,12
2.55883678309471,1.0304855287577,12
2.27693403006013,1.23543428088645,12
1.76372688111671,1.42389711560481,12
1.7152842776822,1.3501019174488,12
2.42602652070201,1.63442743304184,13
3.61798581716653,1.08175972484923,13
4.10984813892972,0.735952140793175,13
3.70758835383559,1.13252263630544,13
2.63634270290475,1.42471422606185,13
3.0597499373846,1.57823033087024,13
2.29540353631993,1.35936695828906,13
2.28278183842599,1.81523602764997,13
3.88465049897692,1.29957663028863,13
1.98440742139646,1.72307713614343,13
4.95529396549246,0.389990194866388,14
2.90968040603415,1.5270405460017,14
3.21453882662922,1.01763941687957,14
2.26147229526043,0.953788981322331,14
2.42561131023673,1.23179436407925,14
1.68298386769476,1.09471609526318,14
2.81707461162727,1.10027218434741,14
3.41898240492446,0.908500171315157,14
3.32430434416138,1.15596206154747,14
2.21846351294525,1.53277410672242,14
2.211378029146,0.844971988208769,15
2.49780128165714,1.06957123003377,15
4.49606066984635,0.622224850215987,15
1.86269637933426,0.93299762483092,15
2.8209484056198,0.68553145808045,15
4.90236182167893,0.351418069759169,15
2.89902511467119,0.830312029018556,15
1.64015929617861,1.26316989798277,15
2.33523056472594,1.23573980810162,15
3.48545997890488,0.703549226707506,15
2.62439712833023,2.54264377235995,16
2.43812363645022,2.48961616197472,16
2.65608276587154,2.41345986865958,16
3.09049664713922,2.32761846649622,16
4.59850877114583,2.24368180464731,16
2.91143488786112,2.08141392617114,16
4.08079949615152,1.85535128549254,16
3.63075411565057,2.27385797507057,16
2.88636010449386,2.26233405156578,16
1.4670979971094,2.55046251226621,16
2.47888268244748,1.89028893472725,17
2.51012954686153,1.88756350799453,17
3.04715443276153,1.59622140499058,17
4.30019867766682,1.3805680175722,17
5.29307897383109,1.29482194656029,17
4.54758105898377,1.61507420915653,17
2.86684903567106,1.76355551104758,17
1.24347260444236,2.2314191468523,17
2.61122013592826,1.71878378977114,17
3.08920722307329,1.86698634639164,17
3.84501300406744,0.340593438359089,18
3.96252796848427,0.263404978637741,18
3.68430942941646,0.278392394944951,18
1.60472565020053,0.546574391592849,18
3.84964304563336,0.141279098950444,18
2.55344278357278,0.462709424931828,18
3.17480270016126,0.304970896760304,18
3.07455117717373,0.503463216542834,18
3.42816676497051,0.223731230332231,18
3.02467498282614,0.310506685488451,18
1.33252490241434,1.98562470219675,19
3.73649596477344,1.75139538589245,19
3.38602656834968,1.80954528060037,19
2.73434837472178,1.44280516520606,19
3.11814451104668,1.58414376854453,19
3.13403864536846,1.84060659057386,19
3.221019468561,1.79106861963763,19
4.64084616597749,1.42474296733009,19
2.78094962106652,1.50136274058571,19
3.16806538388466,1.77993532119605,19
4.16838387306909,1.6442698700206,20
4.05418102337692,1.87232897214898,20
4.14526311038036,1.50671154895697,20
2.42253199894044,1.87504652459105,20
5.00248273029283,1.50015324044367,20
3.06670087093018,1.57633026207338,20
4.86685184470686,1.55339566458839,20
1.64909731396929,1.43013251616818,20
3.02098358635424,1.54452571115947,20
4.24991457096922,1.69232570387405,20
2.2847578127772,0.669440443643517,21
2.24731103178226,0.764024746158313,21
2.06146129639311,0.643262398104239,21
1.94748672066126,0.970959108138122,21
2.5628404668196,0.837805246693317,21
3.33117917295898,0.698664759168294,21
0.98578950207928,0.886243970791959,21
3.21198043337229,0.618964467479106,21
4.23667504641657,0.16351444033373,21
5.03757401824044,0.160607946073469,21
4.30117599220059,0.404730789844504,22
3.75677476379596,0.244950343936765,22
1.27326960088567,1.4444797240683,22
2.39849329199322,0.718298082791149,22
2.64795354341738,0.676550439369137,22
3.70352390275689,0.453887142121756,22
2.89432866599623,0.541644861668555,22
1.74135137193983,0.780463350082769,22
4.68443570809411,0.241786837128987,22
3.91139129179596,0.358240689370209,22
3.23743027249103,0.883264500860522,23
4.21810861032581,0.483945442696747,23
1.66122571276503,1.56885528334564,23
3.6608202977898,1.62745412091238,23
2.47708762368658,1.13238052870898,23
3.68374552185071,1.11660078382972,23
2.93917804533993,1.28055779642939,23
3.63296071303145,0.812349430288656,23
4.33551761505939,0.79848677403919,23
3.0072900903169,0.682079350299184,23
4.01755863695209,0.356786559585965,24
1.81156596485202,1.19494203186194,24
2.27839555956398,0.89246488612889,24
4.51921771138818,0.332465924464791,24
3.37738797302393,0.645945190368727,24
0.94777717956627,0.919492409061528,24
1.63596254791762,1.28306979169409,24
2.79921898441088,0.528195351614825,24
3.86577940433449,0.501355375882056,24
2.89811674428478,0.703790615677743,24
3.62418747202065,0.61944633162454,25
3.95900537778783,0.869766094460273,25
4.67105482886294,0.279759339099777,25
3.05601673327496,0.651452232713072,25
2.9480180938191,0.531685000318845,25
1.24676264085773,1.1083655464136,25
3.09932759408783,0.563788778585261,25
2.42814994210444,1.04979257032474,25
2.02599041719591,0.898169524321728,25
2.82009376895246,0.929050114307691,25
4.01494317274366,0.553788074024487,26
1.00725151131142,0.651131271351127,26
2.57272071279457,0.595068341346763,26
3.11663728358271,0.866055096345525,26
2.10679242994505,0.988763355674328,26
3.33390294249923,1.06451984356306,26
3.41142992061573,0.653544487330505,26
2.96696384072401,0.407521867285316,26
0.534101806239973,0.839970339656408,26
5.57145814586664,0.481173653372638,26
2.7947007425318,2.07631221397917,27
3.65119328158767,1.5274757874079,27
3.27376649103655,1.81763516282282,27
4.02467323481835,1.57588567226389,27
3.81765944637409,1.23476999971373,27
2.79020682877149,1.66306357892611,27
3.37816777220851,1.82735139548993,27
2.05459116887611,2.03638714195752,27
3.85692301089932,1.55240034327872,27
2.53896166111565,1.84868181933766,27
5.41677335378821,0.266062734019721,28
1.34895110431181,1.31128419490715,28
2.53601275703399,1.48090871039653,28
3.82537986275924,0.553989971667261,28
3.51013254687866,0.744090387814486,28
2.410518961485,1.38497070976441,28
2.00321925779248,1.12797457912051,28
3.1444757047107,0.930335960242007,28
2.98569258683309,0.851413114267608,28
1.20971876273594,1.74073750827539,28
3.03455106713385,0.857297894830704,29
3.19023031569246,0.823534395605174,29
3.17472639698184,0.830526321968728,29
1.94498295739732,1.08159466354866,29
3.47613327830263,0.813994978981851,29
4.37857013695924,0.124993192939848,29
3.45623640317981,0.660051193524665,29
1.86441152962566,1.00758393191972,29
2.5643545303081,1.00018997793439,29
3.34610361955361,0.472746410768351,29
2.35295436868173,1.93025214579359,30
0.842353664984723,2.13434847753297,30
3.88425082002821,1.91834622799536,30
2.17052238837548,2.32450015456366,30
2.42643972923172,2.17219393817093,30
4.50390060900454,1.33160243086868,30
2.2258550703946,2.14739470633786,30
3.8457315401893,1.94511987831795,30
1.73931712118122,2.19330614247206,30
2.64545759692602,1.85519957777762,30
2.92644398086352,1.31206915181394,31
1.83134857557564,1.61474633520222,31
2.36525173509109,1.78424213496614,31
2.97115844707169,1.43403830601784,31
3.67069596873393,1.4263085908953,31
1.34945345657489,2.10295285860445,31
2.65024576078873,1.7000720674142,31
3.75640643854548,1.6366175893262,31
2.46119084002241,1.2818129231248,31
3.22729192167294,1.41312668730824,31
3.49222857006443,1.17467112633336,32
3.26783501533168,1.31533773660096,32
3.65325767947138,0.90057368503696,32
2.87729133902262,1.42692807868927,32
2.58632348640788,1.37639435647761,32
0.356851047971022,1.74485426882297,32
2.90705898152053,1.36235204856062,32
3.43028469635999,1.14886534835976,32
3.53539884086815,1.33946330071416,32
2.44472164868675,1.46851815050867,32
4.77950290977515,1.21989471769481,33
3.28642441962882,1.80090165607585,33
3.12631585845889,1.68810736898081,33
4.27226677946852,1.50017507129242,33
2.28153377868074,1.70476667582622,33
2.54966137607529,2.07811231736736,33
5.39745248004976,1.1072249530143,33
3.01112918722089,1.82561712763572,33
4.63356842140831,1.26342755159099,33
1.56149335508548,1.93303552397813,33
2.8094831979571,2.0788869601288,34
3.37842390363683,1.52061680487764,34
3.3000385452058,1.94484966010327,34
1.99436374048916,2.12171696815465,34
3.01925927462537,1.35179220465387,34
1.92257934688802,2.12733554359967,34
3.71270332524428,1.35423284559989,34
4.08477508986065,1.86464326308334,34
0.775012303512587,2.13323351664353,34
4.23569346230014,1.57129120896517,34
1.75895550319151,1.92660409544264,35
3.45476926898263,1.83350868017941,35
3.65990263814261,1.38718864980461,35
2.80011017189857,1.81299823206754,35
2.35488604314021,1.86650724770492,35
3.16532102124205,1.38598975081992,35
3.43881870071445,1.21416533224597,35
3.8833028199487,1.06711553559945,35
0.947663016098047,2.21479702307813,35
1.36362073194098,2.00706517837945,35
4.43040234118818,1.84594820671022,36
4.04662884711155,1.65713725657095,36
3.43528894890768,1.81838286861195,36
3.71517840711106,1.8667714977515,36
3.917174917641,1.46471316290295,36
0.339077201534319,2.28752424837641,36
4.11027709663882,1.70512062635995,36
2.51501240343768,2.08194284432191,36
3.2306168306312,1.83647582192715,36
2.70484219911642,1.85937455038662,36
3.87196495407874,1.56867480403325,37
2.65152755104439,2.02522929774552,37
3.51850376588825,1.88204982394193,37
2.60931502136102,2.01090575428,37
1.90721279089849,2.04759770933834,37
4.21001051044026,1.66400541762831,37
3.74090001127427,1.74165885095965,37
4.72426223915645,1.78411961217421,37
3.0651539325793,1.86721277480273,37
4.12500274582817,1.54789367801556,37
4.97541905401908,0.989145332462764,38
2.71851788496103,1.15615931616699,38
1.67704888724478,1.39861363752509,38
2.76064843286188,1.38410289216663,38
2.78595876001462,1.0492176963605,38
3.15168050450932,1.01072379053819,38
4.71230497731928,1.31115282155847,38
2.67385610749465,1.31203815334119,38
3.37300465580492,0.941534403216562,38
2.77231593510447,1.38852515634104,38
3.02045070852503,1.32838555679346,39
3.31405766350626,1.13024550931104,39
4.32821469603699,0.85679621832146,39
3.12131837749078,1.27811727526999,39
3.71284232003111,0.753339309168026,39
3.77886002978353,1.03865251316311,39
3.91477327085563,0.744571030069923,39
2.42560544781562,1.19880390148104,39
4.62688121419468,1.14389175074256,39
2.61904326070599,1.34880658132775,39
2.89421583235025,1.55051465157886,40
4.40405026771417,1.01204138355467,40
4.29408390614558,1.08834663871761,40
1.91000812758876,1.96012472109057,40
2.12692899958254,1.26119312587264,40
1.64192094062939,1.5751762892641,40
3.18184719261983,1.54433569654757,40
3.16484086791847,1.57141138439858,40
3.36411468735506,1.56394161078078,40
3.55215771421856,1.29316682619578,40
2.39810715401498,1.09943003667469,41
2.00630140890129,1.24939623703901,41
4.0267850560749,0.886920016044155,41
3.75106130260632,1.22598350808865,41
1.4908334626713,1.59704272719161,41
2.90485254915071,1.62799728789492,41
2.1040521772435,1.37228966777634,41
0.929248929458036,1.26569744077462,41
3.15012013118814,1.37788997666711,41
2.92078829074141,1.38158578547457,41
2.90263073248692,1.29520898477389,42
3.21615254180123,0.982338133874527,42
3.88246516439659,1.34214087451375,42
3.20559750448339,1.52138593321108,42
2.38356415712647,1.36487811034857,42
2.26520074807872,1.5496281112798,42
2.86819720695882,1.29305667485359,42
3.31001698657895,1.41571727281071,42
1.96031964729796,1.46652195532701,42
2.81569113115762,1.28749727839392,42
3.96726726016791,0.571941479555383,43
2.89171990876551,0.687504404368377,43
2.30157933240561,0.732739327045635,43
2.72405483157446,0.711328938570934,43
4.11464854536198,0.521325459607007,43
3.55004396121414,0.666592712483339,43
4.23667580008161,0.807365705713365,43
3.13909785716177,0.427834868842804,43
3.41027509649042,0.610454266086594,43
2.44154308765187,0.951927737654818,43
3.60537066893033,2.43470129762012,44
2.49366645781076,2.44568449799221,44
1.57943449530426,2.58650147900871,44
3.12799296568413,2.14024114449624,44
4.94585121773144,1.8297269694806,44
3.80091433957306,2.23117732212807,44
4.16525338994626,1.90542460962753,44
3.35885572309315,2.17673544605435,44
2.39144282168378,2.4294485689025,44
2.79775914488972,2.43024328322357,44
2.72675189318807,2.47771963311983,45
2.53130022021791,2.32909070590516,45
3.70416728392972,2.15112015082861,45
1.80263649763459,2.61860726721258,45
3.86636613211277,2.18447703981688,45
3.86415248622589,2.46734238101614,45
1.80137764093125,2.32740485127116,45
3.63949199790053,2.29503388827902,45
5.43022665234451,1.69981004508138,45
2.44278451805839,2.25884816213152,45
3.84490424140807,0.380470701519106,46
2.2177981543806,0.636716625676965,46
4.1107114182028,0.111725332771594,46
3.24982471992656,0.722053549348683,46
4.65191539162316,0.36750583186571,46
1.54102927146308,0.696492047594811,46
2.94870211387464,0.691982107530726,46
2.4730748238744,0.502562729811404,46
2.8027351309237,0.433094546371593,46
2.37042125731399,0.855614499766392,46
2.166156419465,1.50716993078529,47
3.57872237461645,1.80773770567923,47
1.91241928592307,1.65842626902738,47
4.48403093155628,1.69362669506034,47
1.81379341468625,1.54846317411273,47
3.10107915139528,1.39074490442691,47
3.53298928682648,1.79313609566969,47
3.58673533909263,1.65645557639774,47
2.69825333613362,1.58325164688417,47
3.0795019953284,1.6353759539093,47
3.96126415180968,1.6252872039215,48
1.54353408292357,1.40758311866908,48
2.21826028846792,1.34511691978222,48
3.32040231431661,1.28577955939412,48
2.55521802166301,1.15192280859147,48
4.370003993971,1.49239831650547,48
3.67325386335484,1.42086891215855,48
3.07216675241476,1.47034820036212,48
1.49224268246332,1.54251647518542,48
3.02610022532624,1.33044685873723,48
2.68358413180301,1.53798027056893,49
2.8976534864794,1.82618490514586,49
1.81844077294431,1.60676889854039,49
3.49865804382992,1.61233994221122,49
1.96104355969297,1.70227402337952,49
2.77377801855759,1.73938656036261,49
3.38142582945135,1.40179902625799,49
2.21648421098695,1.70022329047635,49
3.58299140568006,1.85969647255973,49
1.68348959834831,2.05519723505539,49
0.190225321039458,1.46738112611685,50
3.46496799078585,2.57659154814132,50
3.840539826961,2.53606084490484,50
2.71415457640862,2.17382114449027,50
3.50412625459161,2.60109789576865,50
1.84408347491633,2.25312526495122,50
2.87285139317434,2.36718443088534,50
1.05848162395938,2.46455250502345,50
4.18118089143852,2.24481363168848,50
4.85991086154316,2.99794151652842,50
4.07401226028199,2.61531326472797,50
2.97265303358626,2.58414875559721,50
2.96666965772408,2.36084985818117,50
1.4839323768489,2.03632902964485,50
3.79038534388823,2.27431660226281,50
2.78926581930822,2.37427894497118,50
2.34325707463892,2.82271604196329,50
1.58797420734169,2.3738507498583,50
2.70023750335373,2.7334773986002,50
2.15093886498329,2.47149630342355,50
2.60296947967216,2.60776190429089,50
1.7824000122364,2.39537075211119,50
4.6875894829457,2.89091184970625,50
2.98399747279203,2.33860920652309,50
4.07494507727239,2.56671753475387,50
0.398300329742348,1.6178075334375,50
2.54680217000516,2.36651235798912,50
2.32451770840793,2.50309014361701,50
1.77707382063409,2.42011474219612,50
4.54660915422409,2.78666383849999,50
1.58471808023051,2.06573355936581,50
3.31839026040803,3.1800970075094,50
3.84643628557969,2.77493983013011,50
3.17819018841802,2.77806856542352,50
2.12474452250448,2.21572824313152,50
3.94116580672417,2.638957102698,50
3.17058808184084,2.5821545026736,50
1.93650209361796,2.58092034787734,50
1.61195095239794,2.11841074815245,50
5.08671743449315,3.04638208701933,50
2.32149685458156,1.90365191081635,50
1.14442834608196,1.98575024916415,50
3.53325936275365,2.30656552396215,50
3.3102302560609,2.74303406144768,50
1.6461656642774,2.15465798196351,50
1.05704358641805,1.99164936764635,50
2.88369748284139,2.70887493257208,50
4.13939629170942,2.90944929675397,50
3.63612403518215,2.40593603310702,50
2.50706257583802,2.44530127945362,50
2.16581176841562,2.04578890674476,50
3.27106675675055,2.41740581327196,50
3.15735334721616,2.81310166363671,50
3.62971174669273,2.87428340636872,50
2.6042020497111,2.60095962779967,50
3.8993540532031,2.52400550013864,50
2.16918847266375,1.91586686724172,50
2.66945529988004,2.15706688993526,50
3.7408145237259,2.79698967643477,50
3.98997160862711,2.59819621125649,50
1.06149529854662,1.63809289735981,50
3.10719040701615,2.44371605062402,50
3.60877901173463,2.86211911333593,50
1.54917568650937,2.29684433216987,50
3.48062559987522,2.39018887803324,50
2.1718257296032,1.98349728227172,50
4.02025301216443,2.49705662406961,50
3.53848203210264,2.57291740744892,50
3.76905229499561,2.78974066594562,50
3.12071932928703,2.09447130166344,50
3.86364843415775,2.83568550465046,50
4.38051452831454,2.7355099177446,50
4.96624801545563,2.96552086377638,50
2.97160494525093,2.1219853431673,50
0.750948909667595,1.87517437267317,50
3.03152600459399,2.37497382982978,50
3.20556120844997,2.70820597811589,50
2.8446546528556,2.63288120681429,50
3.56828862077707,2.65899128276917,50
4.01067796451427,2.98129349599172,50
2.48201756983218,2.25163674078145,50
2.70590467284389,2.60200384008765,50
3.39784220880034,2.53069590256601,50
2.44977625851086,2.21480229923098,50
3.09126738348824,2.6612449511279,50
1.0382924011147,2.34219401315692,50
1.88010027860238,2.40998560572153,50
1.67224452439587,2.09088368055881,50
2.14637630327276,2.19363320058762,50
2.30669547206933,2.59518973053915,50
3.38230514254637,2.60534177655691,50
3.98211300252264,2.82065286313284,50
2.27261647091246,2.24509836421372,50
2.003161017622,2.51115465758141,50
1.95831114101049,2.08822666597375,50
2.58541127363633,2.50046802566468,50
2.76097093184744,2.24707466001995,50
3.48361753383827,2.06252397021459,50
2.67867515783161,2.12545899619447,50
0.921510731139977,2.06987665283411,50
2.90856572444986,2.61661316157922,50
4.18718681065156,2.34549241227543,50
4.19160126851033,2.44635082668225,50
2.21103678188877,2.65343202245694,50
1.45222345636243,2.06198028807192,50
5.45806049186527,3.05106759152326,50
2.83757805752058,2.32044401399274,50
2.90254874989438,2.37910863971266,50
3.42057418869815,2.55987914582476,50
1.38596054338088,2.13769994400006,50
2.27178088880871,2.27415960231741,50
1.45955759470999,2.05626768867734,50
2.3069053859894,1.71012436600222,50
3.11884943300456,2.85581645343174,50
1.63529054201309,2.54345841681531,50
3.58998267936731,2.3560956542937,50
3.28934402881734,2.48256276810556,50
2.09578497437936,2.55252752258246,50
3.22632494238106,2.70323845985074,50
3.74808116249384,2.86325202301201,50
4.06109525326174,2.45618513378447,50
2.78715172135347,2.93119943027437,50
2.90636320608895,2.21289611602781,50
2.91328586501808,2.59175590814436,50
4.44146175605504,2.77486301406423,50
4.12507189227799,2.60258778162728,50
3.83440156775704,2.54931262067929,50
2.71265920015931,2.20256794428975,50
3.37324143416641,2.85749571274873,50
3.4032903312207,2.55687617856077,50
1.95832670571068,2.3018243977491,50
1.27169548467926,2.15458113031214,50
3.64183002765162,2.51164732168224,50
1.47068946881958,1.92564911157699,50
3.00168368848421,2.50939746639772,50
3.25024782134833,2.08963714104197,50
3.56386739030588,2.28737555625814,50
3.18942623751481,2.28092137527937,50
2.26714619370287,2.09600893297019,50
3.98636585989546,2.67702640205659,50
4.73863376690625,3.12573972981028,50
3.88117880892544,2.33148639973618,50
1.05634909867602,2.15632049061861,50
4.39957618540294,2.91813965450888,50
2.94394405381373,2.24919783706906,50
3.52491427931929,2.55273844232345,50
3.62203323587106,2.74744429446271,50
2.90331392679329,2.38787643161327,50
2.92473680235127,2.3991259577841,50
4.0191570693309,2.72369223887239,50
3.71160192248624,2.58863320059468,50
3.99026224604423,2.54523733798509,50
5.38292669523033,2.90717780191797,50
3.66441586369409,2.9677665979802,50
3.20738115738531,2.67452543416235,50
0.789366889424379,1.83326943008344,50
5.69171400324612,2.74767474294704,50
2.51732317820369,2.2897836542683,50
5.37473471509539,3.19901734997276,50
3.37464356800499,2.59178000404847,50
4.53843019889679,2.62570045917531,50
2.89028967882376,2.61282031609244,50
3.51147075469813,2.53393553995913,50
3.21395797964226,2.27697136283425,50
2.8138793006265,2.51332981773174,50
2.87960617537751,2.73906526387535,50
4.01283433584425,2.7477759935595,50
2.7985418530285,2.45642391159757,50
0.9623175055592,1.91953034219251,50
2.80411075117017,2.53281732317203,50
3.53979060553627,2.35215948089326,50
3.61645571635144,2.25097680513819,50
3.61656781747743,2.57295847656082,50
1.30789847913092,2.11297646143046,50
3.36874205801119,3.00507498476689,50
3.96785920994706,2.40861784717512,50
4.27657868146766,2.74781246772743,50
2.77503872895588,2.5743338312797,50
2.6781074138172,2.6040555183507,50
4.48783783187804,2.75373813620783,50
1.33207195422068,1.97607862932237,50
2.56317002308688,2.35779266100746,50
3.45746207935745,2.93775908102301,50
1.38222623461877,2.23130851532301,50
3.27962786243176,2.10534562473882,50
4.87786402105219,3.11858009670457,50
2.99593934656366,2.56560386825983,50
2.72154597503641,2.39591030740386,50
3.47491171403405,2.54972508534888,50
2.72092782921269,2.37254308864794,50
3.81340037407906,2.67230743777095,50
3.9044354644497,2.53842917304662,50
3.00269166123012,2.51425604934211,50
1.82330784225027,2.03670583024999,50
1.68177927254091,2.23470069632722,50
2.40700263434468,2.56108347776631,50
3.79738050054984,2.71963278960481,50
1.04179482534307,2.27342436712292,50
1.11367484126745,1.86287668265705,50
2.3462201752399,2.33851805870658,50
3.39439484798058,2.66064449690461,50
2.08643395183501,2.06200128358443,50
3.88674903709606,2.94882814159499,50
3.33336997015518,2.31802785859807,50
2.82936038176139,2.45709128481753,50
3.81882813653178,2.65244756014146,50
3.38836516281937,2.56032255972133,50
2.55406497278784,2.32704354459296,50
3.23111493441816,2.59452581107696,50
3.64751335797759,2.38158523998011,50
3.35628334486205,2.27169929809185,50
2.34198979205052,2.19579969755154,50
3.85520220506419,2.61789108700737,50
4.15293622555862,2.94025227594722,50
3.27627455654334,2.83106120604566,50
3.14410466246219,2.55103269176547,50
2.92437491922016,2.51950877514675,50
5.16141584630279,2.84186965929675,50
3.27631553213579,2.52318919000185,50
2.84170597130006,2.14574748880374,50
0.492082197802746,2.01471865210379,50
1.43471823496947,2.03814839729923,50
2.92232679938944,2.50971658126208,50
3.2062940448431,2.4303780079018,50
3.27687245886161,2.38136681156912,50
3.82150678044862,2.5787945474934,50
2.80584759067954,2.34610400277325,50
4.21458879448256,2.92014886722907,50
2.07848395713042,2.31585387467759,50
1.79155727955693,2.30312520790612,50
1.77101382244619,1.96434751409317,50
3.74229702418652,2.90613921352699,50
2.91708005766077,2.47360556652839,50
3.7898179218205,2.44502277044753,50
2.73229357844292,2.46658351154203,50
2.40810789778719,2.5140238522905,50
2.63164742487349,2.10790952407847,50
1.14738317575827,2.42581349592185,50
1.83038473958589,2.19278627364559,50
1.55796535364155,2.39414269362212,50
4.05432227197535,2.68363218497694,50
2.4026699086372,2.27236487957818,50
3.78945985279018,2.24922342799675,50
4.51649060169196,2.54157914338504,50
2.80822519089006,2.41169244495861,50
3.28387890635235,2.68066175705798,50
1.24893248060392,1.73176623205396,50
2.1813302224802,2.56966973372497,50
3.05621484938284,2.74935652950125,50
3.29908690333615,2.28946959624913,50
2.24060188270112,2.40089595574293,50
5.6848589992268,2.7885594239386,50
2.54160986090761,2.34159744320795,50
3.06424355663004,2.65689672585943,50
3.64979186715352,2.76194176973454,50
2.973981365226,2.28327681908259,50
2.35643261297289,2.25227469846355,50
4.0453056639633,2.47214388535731,50
4.6155453232072,2.84933326338651,50
2.97030602895016,2.14056163966736,50
3.56226734540307,2.04490384753443,50
2.90258750149737,2.73279542343813,50
4.01645521770216,3.11630109290346,50
1.84383260574015,2.13607527986435,50
5.32086022399448,3.07470800898196,50
2.39646875221166,2.33610866046447,50
1.54115058556191,2.46140834381967,50
2.64908217280693,2.49896068783935,50
3.146708484145,2.52838995661632,50
4.62362120768023,2.42321241794696,50
3.91120967677132,2.8571485382779,50
3.14245843204579,2.41663643016387,50
1.61051647601184,1.89972074502345,50
2.13396225532789,2.244748584847,50
2.83671506777071,2.40030284835977,50
5.55302611346059,3.18076206398943,50
1.13977242578159,1.8527907454676,50
4.13105465184602,2.5729976716696,50
2.47276574276608,2.65049260099393,50
4.66599089998742,3.06324680051558,50
1.8607993600266,2.46311824754988,50
3.14362323466275,2.81934490276621,50
1.90044905829725,2.27921147438951,50
3.90351642636168,2.52264201466247,50
4.48377948873809,2.86611217688439,50
4.95072100640115,3.0602042932095,50
3.79760065758952,3.1005622525762,50
4.84326625457782,2.43397225113741,50
4.24642390866165,2.76224738910978,50
2.86812508817598,2.56289940097321,50
3.4770372382847,2.54280318334895,50
2.02800578852407,1.95235217477188,50
2.81479783059901,2.56957521130114,50
4.22096370834882,2.54669106018107,50
3.54128414348235,2.66774459522666,50
3.45735733162533,2.73129727429272,50
1.96186896031279,2.50748066092156,50
2.39548676966588,2.02584006122015,50
2.23539398624643,2.5217426336492,50
3.3952958700135,2.38597836937758,50
2.00949236953344,2.00241004590098,50
3.56204139009905,2.83358787796778,50
1.88358358806646,2.46428417903037,50
4.82853045813536,2.77550490485016,50
3.4605913494781,2.70234187790737,50
2.29899638774673,2.14604959602882,50
3.24104593250122,2.47631833745392,50
2.64754680077204,2.36908018016632,50
3.37114795975966,2.47639704781522,50
3.2435327187603,2.65384175781559,50
1.98588582733853,2.56295813933098,50
2.20868612118053,2.20889847844441,50
3.29959368473956,2.51170251324085,50
4.63905190875156,3.1134773183475,50
4.08461700867092,2.60943047439296,50
2.37543252638191,1.81259433791905,50
3.82592290164749,2.72629680438317,50
2.95143164724371,2.27130819399058,50
3.3013136517184,2.31887051590698,50
3.26036149073656,2.79455112762837,50
5.57544976372339,3.46300502091181,50
1.81471118941278,2.01330119636593,50
3.10091985901286,2.68470447490001,50
1.22002271203238,2.08349044149664,50
3.58983592295876,2.60464414319993,50
4.0966084717214,2.92208450139965,50
4.44566224110115,2.79018281867253,50
1.07485474816288,1.90301334562451,50
3.41276949719403,2.44678759125432,50
4.59336995138365,2.91421650810059,50
2.5859841369577,1.90832282778364,50
2.78784946791805,2.63493423671739,50
2.96346277779526,2.13757800255669,50
3.36501875143304,2.53570542961437,50
3.66515987574597,2.55327564639489,50
4.31782088371148,2.98049354071125,50
2.90451240955501,2.47698781168641,50
3.19627804547247,2.51795890283962,50
5.48799787722146,3.0955422039801,50
3.43109892811499,2.379132341149,50
3.18875310932983,2.45688631741678,50
1.65775687471655,2.42538372446895,50
3.00285604762223,2.5955814004845,50
2.77867384683312,2.1589508947802,50
2.98895417019063,2.58369757428439,50
2.42458235872883,2.06771401358911,50
2.3131843475573,2.20129017553161,50
2.27922636817988,2.55634481717146,50
2.78549548460023,1.96520552859496,50
4.36813264802863,2.37613915819365,50
4.04908662655933,2.92840732664124,50
2.64002488205694,2.22336188636494,50
1.31408354546126,2.36987357957212,50
2.15541657146405,2.25574874090567,50
2.54223946675949,2.45231849578857,50
3.1036380042283,2.64169884553559,50
2.33739272429919,2.19555163775191,50
5.00668069083189,2.79873342030114,50
2.72773246558165,2.32084252595129,50
1.78605552976049,2.77874342792066,50
2.85873824271749,2.4552925291271,50
1.99462241840659,2.35180003506762,50
3.15615570727533,2.42139590003096,50
3.23363361408987,2.45668406105114,50
3.35558761162838,2.80518392286122,50
1.37814174087579,2.06616708103176,50
3.22071129097065,2.50648498551037,50
3.31045008054165,2.59579791570063,50
1.57889155249551,2.08774902825561,50
3.95536563973041,3.04120142594557,50
3.78417087909434,2.32945772013872,50
5.29961936115444,3.3204979349641,50
3.15670298737573,2.4193376864634,50
3.046733527518,2.73908610163758,50
3.09658583408244,2.07779715137908,50
3.0697662309003,2.66348483722984,50
1.15152722466233,2.26390716469192,50
1.32887294135776,1.86984666072362,50
2.9224610332088,2.28914289770792,50
2.4189326194335,2.38080695974483,50
3.05473652505743,2.69802985753497,50
0.888791626739469,1.88287393130624,50
1.50130174547324,2.11375061604807,50
1.89851656106126,2.5522881659718,50
3.98605822106025,2.43005766280584,50
1.90150999290988,2.42817626148943,50
2.20048604642347,2.38816631389576,50
3.07987381867405,2.25312732478763,50
2.67725363817489,2.26019262596431,50
3.14641717866796,2.64425440455812,50
5.30506198204569,2.96911974971565,50
1.87539632874176,2.51841438800593,50
2.6945303600902,2.27686474636381,50
2.48324055025627,2.01206603753944,50
4.51239542683245,2.97035993742623,50
2.23051507710972,2.1826941584992,50
2.91791309622428,2.46596619137345,50
3.78713361432271,2.95955055239899,50
1.9414094640516,2.19651454911217,50
4.65517581574201,3.09926169539188,50
3.67576241547425,2.37404001987245,50
1.92579339046965,2.42857639208126,50
3.45457780905774,2.59859087094983,50
2.78669285676693,2.26829973024718,50
3.31322877199433,2.26495943338502,50
2.91002480298434,2.45564916007985,50
4.07051603677834,2.72345162661057,50
1.64889961429667,2.24358475303035,50
2.47738330280408,2.46116333177121,50
2.7508093222446,2.31638021801766,50
2.00420127514867,2.1568349773559,50
1.96004495623381,2.29771203383637,50
2.98201975942334,2.34640158432441,50
2.86782486714327,2.67572596960135,50
0.450657225249568,1.98327408683523,50
4.04057345571938,2.54337649468867,50
3.24972573598519,2.14688202114406,50
5.41620737314833,2.81282072021454,50
3.6851982380511,3.00455888480087,50
2.55304069103801,2.25677112074547,50
5.7973911469581,2.85059383498513,50
5.83222602391551,3.15535017210276,50
1.78128818370982,2.30283172847464,50
3.46903195595542,2.70244766927343,50
2.78875308136785,2.36047106600659,50
3.18705114655401,2.72025653932682,50
3.22754272856881,2.26930224043825,50
1.73809953713095,2.19616002059554,50
3.28558958024256,2.37460531536901,50
4.7492473631418,2.94431666699588,50
2.8359099958652,2.45149881821755,50
2.83707328930155,2.64767174097842,50
4.39857200633747,3.14973004182785,50
3.89839624068295,2.66612582124567,50
1.35150518161871,2.02169317264815,50
3.22855697326219,2.33932351611278,50
4.65354723467773,2.7364181172535,50
4.41527634991914,2.72745036947584,50
3.41995160381423,2.94066617047105,50
3.72122080711289,2.37673771963911,50
1.80306478781132,2.00028493702137,50
3.30013156688137,2.4367484420768,50
2.04555106481218,2.38493757242618,50
2.54198193190306,2.53093422509218,50
3.9356036837796,2.46384926367164,50
1.86310688830886,2.25634456569577,50
3.26691825087306,2.50312052135918,50
3.42833203947154,2.78302316874355,50
3.05491196983963,2.68713630803242,50
4.82218882183542,2.76029709224426,50
1.97765267142475,2.26304475438142,50
3.6061302614356,2.71008604173151,50
2.91106943254933,2.10983082595456,50
2.73916775616608,2.34409482490129,50
3.46409123385238,2.66610829033506,50
1.97959940931607,2.14958891775128,50
1.68654908348159,2.18364164319077,50
2.50551912451658,2.35521778458066,50
4.75175714975545,2.66393625385191,50
3.05576477461252,2.27057245445091,50
3.33143439822789,2.48462889941004,50
2.81015336232246,2.35094057466716,50
3.47049273195383,2.71923302628714,50
2.04832045698285,2.57395600065964,50
4.15791046656864,2.68751308420448,50
3.58470526024135,2.65499091731066,50
2.1935471773083,2.2829418394446,50
3.05455324581199,2.58949808470271,50
3.71633161949912,2.64528088311967,50
3.5577309820546,2.61718076354705,50
4.48193401587688,2.97728529546266,50
2.38701224510515,2.13823368590602,50
4.11613661549039,2.97111559248726,50
4.03654800994122,2.73544755118829,50
2.83751686809715,2.46198324252595,50
2.02407330717811,2.15108175797359,50
1.91085480911548,2.20771091027068,50
3.45778695794497,2.62460981923917,50
2.92887326627911,2.03134726854022,50
4.77910266685145,2.69383161036676,50
3.5351379604962,2.68254138132449,50
2.6280551248365,2.32503013446103,50
1.97445775150289,2.09310150796781,50
2.41759832539475,2.21469622561604,50
3.34288839289733,2.57404295182636,50
2.54906535294335,2.04116206038325,50
3.51423012023069,2.73540733892666,50
2.66566194783022,1.95766092144294,50
2.89444009120552,2.33653558054208,50
2.26949032719217,2.15477703640782,50
4.9050435849087,2.58960414183614,50
3.33262173147039,2.30925834503557,50
3.23063364049945,2.5544576655851,50
1.30813758511593,2.0959881775441,50
3.65979189954933,2.53010332018338,50
1.97637641112029,1.78943799387177,50
2.1084784256457,2.01514700959407,50
3.91834117102165,2.61572227847587,50
2.54729935349177,2.19216830685983,50
1.25162771999682,1.94928722470125,50
4.76990410988935,3.0222044313415,50
0.622593074607479,2.01795175138905,50
3.57281152985958,2.36410884840825,50
4.01724924908461,2.56802611358056,50
2.36903213333947,2.2751411971218,50
3.44428705141155,2.41111384079938,50
3.43913038838856,2.35333082234288,50
4.04062315291451,2.65607928094691,50
3.48409938795252,2.70337428825854,50
2.75511622090748,2.45470911165904,50
